<?xml version="1.0" encoding="UTF-8"?>
<project-private xmlns="http://www.netbeans.org/ns/project-private/1">
    <editor-bookmarks xmlns="http://www.netbeans.org/ns/editor-bookmarks/2" lastBookmarkId="0"/>
    <open-files xmlns="http://www.netbeans.org/ns/projectui-open-files/2">
        <group>
            <file>file:/C:/Users/Asus/OneDrive/Documents/A.%20mata%20pelajaran/pbo/UTSPBO1-2210010642/pbouts-22010010304/src/motor.java</file>
            <file>file:/C:/Users/Asus/OneDrive/Documents/A.%20mata%20pelajaran/pbo/UTSPBO1-2210010642/pbouts-22010010304/src/mobil.java</file>
            <file>file:/C:/Users/Asus/OneDrive/Documents/A.%20mata%20pelajaran/pbo/UTSPBO1-2210010642/pbouts-22010010304/src/diskon.java</file>
        </group>
    </open-files>
</project-private>
